algorithmName,mazeSize,runIndex,seed,pathFound,pathLength,nodesExplored,executionTimeNs,executionTimeMs,memoryUsedBytes,pathEfficiency
Depth-First Search,10,0,42,true,37,45,58015856,58.0159,1671960,0.8222
Breadth-First Search,10,0,42,true,37,51,25609557,25.6096,964744,0.7255
A* (Manhattan),10,0,42,true,37,47,28650324,28.6503,167808,0.7872
A* (Euclidean),10,0,42,true,37,47,23386606,23.3866,167824,0.7872
Q-Learning,10,0,42,true,37,36,100276,0.1003,0,1.0278
Depth-First Search,10,1,43,true,33,38,22931070,22.9311,88232,0.8684
Breadth-First Search,10,1,43,true,33,93,26038033,26.0380,524288,0.3548
A* (Manhattan),10,1,43,true,33,70,38157506,38.1575,176384,0.4714
A* (Euclidean),10,1,43,true,33,71,39187564,39.1876,197064,0.4648
Q-Learning,10,1,43,true,33,32,63194,0.0632,0,1.0313
Depth-First Search,10,2,44,true,43,72,24000905,24.0009,474096,0.5972
Breadth-First Search,10,2,44,true,43,78,30870966,30.8710,170232,0.5513
A* (Manhattan),10,2,44,true,43,71,33874034,33.8740,180000,0.6056
A* (Euclidean),10,2,44,true,43,72,39579462,39.5795,170248,0.5972
Q-Learning,10,2,44,true,43,42,110273,0.1103,83464,1.0238
Depth-First Search,10,3,45,true,23,23,6285690,6.2857,137864,1.0000
Breadth-First Search,10,3,45,true,23,69,23348122,23.3481,524288,0.3333
A* (Manhattan),10,3,45,true,23,30,18030175,18.0302,236272,0.7667
A* (Euclidean),10,3,45,true,23,38,19093484,19.0935,236272,0.6053
Q-Learning,10,3,45,true,23,22,116024,0.1160,0,1.0455
Depth-First Search,10,4,46,true,31,46,15440881,15.4409,0,0.6739
Breadth-First Search,10,4,46,true,31,49,23781063,23.7811,241552,0.6327
A* (Manhattan),10,4,46,true,31,48,29757971,29.7580,241552,0.6458
A* (Euclidean),10,4,46,true,31,43,27988943,27.9889,241552,0.7209
Q-Learning,10,4,46,true,31,30,78503,0.0785,0,1.0333
Depth-First Search,10,5,47,true,39,44,4008019,4.0080,224608,0.8864
Breadth-First Search,10,5,47,true,39,93,20865353,20.8654,245032,0.4194
A* (Manhattan),10,5,47,true,39,76,23291755,23.2918,245032,0.5132
A* (Euclidean),10,5,47,true,39,77,19263402,19.2634,245032,0.5065
Q-Learning,10,5,47,true,39,38,165902,0.1659,0,1.0263
Depth-First Search,10,6,48,true,23,23,4050699,4.0507,0,1.0000
Breadth-First Search,10,6,48,true,23,57,29611108,29.6111,247440,0.4035
A* (Manhattan),10,6,48,true,23,36,25919426,25.9194,247440,0.6389
A* (Euclidean),10,6,48,true,23,38,23097238,23.0972,247440,0.6053
Q-Learning,10,6,48,true,23,22,108604,0.1086,0,1.0455
Depth-First Search,10,7,49,true,49,55,6583620,6.5836,228088,0.8909
Breadth-First Search,10,7,49,true,49,96,22291233,22.2912,524288,0.5104
A* (Manhattan),10,7,49,true,49,93,29490381,29.4904,248832,0.5269
A* (Euclidean),10,7,49,true,49,93,32350013,32.3500,248832,0.5269
Q-Learning,10,7,49,true,49,48,159695,0.1597,0,1.0208
Depth-First Search,10,8,50,true,23,70,9631366,9.6314,0,0.3286
Breadth-First Search,10,8,50,true,23,65,20118842,20.1188,250216,0.3538
A* (Manhattan),10,8,50,true,23,35,20268335,20.2683,250216,0.6571
A* (Euclidean),10,8,50,true,23,45,18776985,18.7770,250216,0.5111
Q-Learning,10,8,50,true,23,22,90122,0.0901,0,1.0455
Depth-First Search,10,9,51,true,27,69,8921440,8.9214,0,0.3913
Breadth-First Search,10,9,51,true,27,66,24504013,24.5040,250608,0.4091
A* (Manhattan),10,9,51,true,27,51,23686951,23.6870,250608,0.5294
A* (Euclidean),10,9,51,true,27,51,22940259,22.9403,250608,0.5294
Q-Learning,10,9,51,true,27,26,83083,0.0831,0,1.0385
Depth-First Search,10,10,52,true,33,65,7178930,7.1789,0,0.5077
Breadth-First Search,10,10,52,true,33,76,23727149,23.7271,524288,0.4342
A* (Manhattan),10,10,52,true,33,64,20051540,20.0515,250912,0.5156
A* (Euclidean),10,10,52,true,33,64,19533113,19.5331,250912,0.5156
Q-Learning,10,10,52,true,33,32,115403,0.1154,0,1.0313
Depth-First Search,10,11,53,true,25,29,6785661,6.7857,0,0.8621
Breadth-First Search,10,11,53,true,25,44,26630655,26.6307,243600,0.5682
A* (Manhattan),10,11,53,true,25,44,29719742,29.7197,243600,0.5682
A* (Euclidean),10,11,53,true,25,44,23090690,23.0907,243600,0.5682
Q-Learning,10,11,53,true,25,24,73633,0.0736,0,1.0417
Depth-First Search,10,12,54,true,29,56,4225920,4.2259,243624,0.5179
Breadth-First Search,10,12,54,true,29,85,21511557,21.5116,240736,0.3412
A* (Manhattan),10,12,54,true,29,65,19622085,19.6221,240736,0.4462
A* (Euclidean),10,12,54,true,29,69,24209031,24.2090,240736,0.4203
Q-Learning,10,12,54,true,29,28,122617,0.1226,0,1.0357
Depth-First Search,10,13,55,true,23,72,9553035,9.5530,224224,0.3194
Breadth-First Search,10,13,55,true,23,69,28814875,28.8149,241568,0.3333
A* (Manhattan),10,13,55,true,23,42,25227804,25.2278,241568,0.5476
A* (Euclidean),10,13,55,true,23,53,21377063,21.3771,241568,0.4340
Q-Learning,10,13,55,true,23,22,74904,0.0749,0,1.0455
Depth-First Search,10,14,56,true,41,41,5493672,5.4937,0,1.0000
Breadth-First Search,10,14,56,true,41,59,20546441,20.5464,245032,0.6949
A* (Manhattan),10,14,56,true,41,57,19729462,19.7295,245032,0.7193
A* (Euclidean),10,14,56,true,41,57,18056445,18.0564,245032,0.7193
Q-Learning,10,14,56,true,41,40,123569,0.1236,0,1.0250
Depth-First Search,10,15,57,true,57,58,8583513,8.5835,226728,0.9828
Breadth-First Search,10,15,57,true,57,95,26602700,26.6027,524288,0.6000
A* (Manhattan),10,15,57,true,57,91,30011148,30.0111,247336,0.6264
A* (Euclidean),10,15,57,true,57,91,27362504,27.3625,247336,0.6264
Q-Learning,10,15,57,true,57,56,108931,0.1089,0,1.0179
Depth-First Search,10,16,58,true,49,85,4840501,4.8405,228792,0.5765
Breadth-First Search,10,16,58,true,49,100,17749667,17.7497,242456,0.4900
A* (Manhattan),10,16,58,true,49,91,22128632,22.1286,242456,0.5385
A* (Euclidean),10,16,58,true,49,95,20831934,20.8319,242456,0.5158
Q-Learning,10,16,58,true,49,48,262554,0.2626,0,1.0208
Depth-First Search,10,17,59,true,47,80,5900466,5.9005,226896,0.5875
Breadth-First Search,10,17,59,true,47,92,18110054,18.1101,524288,0.5109
A* (Manhattan),10,17,59,true,47,90,17015982,17.0160,247528,0.5222
A* (Euclidean),10,17,59,true,47,90,17621906,17.6219,247528,0.5222
Q-Learning,10,17,59,true,47,46,98539,0.0985,0,1.0217
Depth-First Search,10,18,60,true,35,67,7975095,7.9751,228864,0.5224
Breadth-First Search,10,18,60,true,35,62,23674956,23.6750,249664,0.5645
A* (Manhattan),10,18,60,true,35,46,21287179,21.2872,249664,0.7609
A* (Euclidean),10,18,60,true,35,49,21143757,21.1438,249664,0.7143
Q-Learning,10,18,60,true,35,34,137801,0.1378,0,1.0294
Depth-First Search,10,19,61,true,35,39,2459028,2.4590,0,0.8974
Breadth-First Search,10,19,61,true,35,78,17458282,17.4583,250312,0.4487
A* (Manhattan),10,19,61,true,35,74,19876206,19.8762,250312,0.4730
A* (Euclidean),10,19,61,true,35,74,16101824,16.1018,250312,0.4730
Q-Learning,10,19,61,true,35,34,113584,0.1136,0,1.0294
Depth-First Search,10,20,62,true,29,79,4552260,4.5523,129000,0.3671
Breadth-First Search,10,20,62,true,29,66,22196327,22.1963,524288,0.4394
A* (Manhattan),10,20,62,true,29,46,19815722,19.8157,250792,0.6304
A* (Euclidean),10,20,62,true,29,49,18764597,18.7646,250792,0.5918
Q-Learning,10,20,62,true,29,28,108041,0.1080,0,1.0357
Depth-First Search,10,21,63,true,29,58,4929237,4.9292,128056,0.5000
Breadth-First Search,10,21,63,true,29,91,20896978,20.8970,251040,0.3187
A* (Manhattan),10,21,63,true,29,69,18761715,18.7617,251040,0.4203
A* (Euclidean),10,21,63,true,29,70,17803198,17.8032,251040,0.4143
Q-Learning,10,21,63,true,29,28,65912,0.0659,0,1.0357
Depth-First Search,10,22,64,true,39,44,2058949,2.0589,230304,0.8864
Breadth-First Search,10,22,64,true,39,87,17021077,17.0211,246872,0.4483
A* (Manhattan),10,22,64,true,39,85,17306366,17.3064,246872,0.4588
A* (Euclidean),10,22,64,true,39,87,22816412,22.8164,246872,0.4483
Q-Learning,10,22,64,true,39,38,108983,0.1090,0,1.0263
Depth-First Search,10,23,65,true,45,58,4698076,4.6981,137176,0.7759
Breadth-First Search,10,23,65,true,45,80,23235401,23.2354,248352,0.5625
A* (Manhattan),10,23,65,true,45,67,21758254,21.7583,248352,0.6716
A* (Euclidean),10,23,65,true,45,69,17527830,17.5278,248352,0.6522
Q-Learning,10,23,65,true,45,44,89646,0.0896,0,1.0227
Depth-First Search,10,24,66,true,35,87,4203852,4.2039,228752,0.4023
Breadth-First Search,10,24,66,true,35,83,16918678,16.9187,524288,0.4217
A* (Manhattan),10,24,66,true,35,71,17432191,17.4322,249520,0.4930
A* (Euclidean),10,24,66,true,35,74,22466956,22.4670,249520,0.4730
Q-Learning,10,24,66,true,35,34,107450,0.1075,0,1.0294
Depth-First Search,10,25,67,true,41,67,6609648,6.6096,229416,0.6119
Breadth-First Search,10,25,67,true,41,82,24985920,24.9859,245584,0.5000
A* (Manhattan),10,25,67,true,41,80,25145708,25.1457,245584,0.5125
A* (Euclidean),10,25,67,true,41,80,17341959,17.3420,245584,0.5125
Q-Learning,10,25,67,true,41,40,97374,0.0974,0,1.0250
Depth-First Search,10,26,68,true,57,75,2858196,2.8582,0,0.7600
Breadth-First Search,10,26,68,true,57,99,16454607,16.4546,246064,0.5758
A* (Manhattan),10,26,68,true,57,94,17113673,17.1137,246064,0.6064
A* (Euclidean),10,26,68,true,57,94,18687811,18.6878,246064,0.6064
Q-Learning,10,26,68,true,57,56,178895,0.1789,0,1.0179
Depth-First Search,10,27,69,true,35,37,2757247,2.7572,0,0.9459
Breadth-First Search,10,27,69,true,35,77,23162477,23.1625,524288,0.4545
A* (Manhattan),10,27,69,true,35,64,19345305,19.3453,249056,0.5469
A* (Euclidean),10,27,69,true,35,65,17999584,17.9996,249056,0.5385
Q-Learning,10,27,69,true,35,34,72120,0.0721,0,1.0294
Depth-First Search,10,28,70,true,49,87,2737174,2.7372,229136,0.5632
Breadth-First Search,10,28,70,true,49,70,15827562,15.8276,239344,0.7000
A* (Manhattan),10,28,70,true,49,68,17591730,17.5917,239344,0.7206
A* (Euclidean),10,28,70,true,49,68,23130911,23.1309,239344,0.7206
Q-Learning,10,28,70,true,49,48,214483,0.2145,0,1.0208
Depth-First Search,10,29,71,true,53,81,5491662,5.4917,154832,0.6543
Breadth-First Search,10,29,71,true,53,98,19861260,19.8613,245048,0.5408
A* (Manhattan),10,29,71,true,53,96,19996612,19.9966,245048,0.5521
A* (Euclidean),10,29,71,true,53,96,18896371,18.8964,245048,0.5521
Q-Learning,10,29,71,true,53,52,93885,0.0939,0,1.0192
Depth-First Search,20,0,42,true,91,127,5170187,5.1702,227896,0.7165
Breadth-First Search,20,0,42,true,91,262,18903759,18.9038,524288,0.3473
A* (Manhattan),20,0,42,true,91,221,20650899,20.6509,248624,0.4118
A* (Euclidean),20,0,42,true,91,224,22651177,22.6512,248624,0.4063
Q-Learning,20,0,42,true,91,90,126536,0.1265,0,1.0111
Depth-First Search,20,1,43,true,97,328,11928721,11.9287,588656,0.2957
Breadth-First Search,20,1,43,true,97,229,18456542,18.4565,524288,0.4236
A* (Manhattan),20,1,43,true,97,196,17760805,17.7608,249216,0.4949
A* (Euclidean),20,1,43,true,97,203,17450994,17.4510,249216,0.4778
Q-Learning,20,1,43,true,97,96,138882,0.1389,0,1.0104
Depth-First Search,20,2,44,true,121,153,7530571,7.5306,524288,0.7908
Breadth-First Search,20,2,44,true,121,188,18452145,18.4521,524288,0.6436
A* (Manhattan),20,2,44,true,121,173,22401335,22.4013,248792,0.6994
A* (Euclidean),20,2,44,true,121,173,20573568,20.5736,248792,0.6994
Q-Learning,20,2,44,true,121,120,145017,0.1450,0,1.0083
Depth-First Search,20,3,45,true,97,204,6876935,6.8769,524288,0.4755
Breadth-First Search,20,3,45,true,97,267,20094088,20.0941,524288,0.3633
A* (Manhattan),20,3,45,true,97,230,19079775,19.0798,246456,0.4217
A* (Euclidean),20,3,45,true,97,231,18060467,18.0605,246456,0.4199
Q-Learning,20,3,45,true,97,96,126470,0.1265,0,1.0104
Depth-First Search,20,4,46,true,125,334,10345412,10.3454,524288,0.3743
Breadth-First Search,20,4,46,true,125,255,18624343,18.6243,524288,0.4902
A* (Manhattan),20,4,46,true,125,246,20207278,20.2073,248456,0.5081
A* (Euclidean),20,4,46,true,125,248,18718442,18.7184,248456,0.5040
Q-Learning,20,4,46,true,125,124,204659,0.2047,0,1.0081
Depth-First Search,20,5,47,true,93,100,3061625,3.0616,0,0.9300
Breadth-First Search,20,5,47,true,93,357,22534427,22.5344,524288,0.2605
A* (Manhattan),20,5,47,true,93,288,17407992,17.4080,250816,0.3229
A* (Euclidean),20,5,47,true,93,296,19911573,19.9116,250816,0.3142
Q-Learning,20,5,47,true,93,92,112829,0.1128,0,1.0109
Depth-First Search,20,6,48,true,107,176,4717107,4.7171,0,0.6080
Breadth-First Search,20,6,48,true,107,310,17531334,17.5313,524288,0.3452
A* (Manhattan),20,6,48,true,107,310,18916685,18.9167,251216,0.3452
A* (Euclidean),20,6,48,true,107,310,16792599,16.7926,251216,0.3452
Q-Learning,20,6,48,true,107,106,138684,0.1387,0,1.0094
Depth-First Search,20,7,49,true,91,94,2443165,2.4432,0,0.9681
Breadth-First Search,20,7,49,true,91,152,17436538,17.4365,524288,0.5987
A* (Manhattan),20,7,49,true,91,139,16514326,16.5143,251184,0.6547
A* (Euclidean),20,7,49,true,91,139,16902952,16.9030,251184,0.6547
Q-Learning,20,7,49,true,91,90,143411,0.1434,0,1.0111
Depth-First Search,20,8,50,true,149,160,5665224,5.6652,524288,0.9313
Breadth-First Search,20,8,50,true,149,358,22913084,22.9131,524288,0.4162
A* (Manhattan),20,8,50,true,149,352,21197407,21.1974,251192,0.4233
A* (Euclidean),20,8,50,true,149,352,18837473,18.8375,251192,0.4233
Q-Learning,20,8,50,false,0,2,41151,0.0412,0,0.0000
Depth-First Search,20,9,51,true,65,142,3109720,3.1097,524288,0.4577
Breadth-First Search,20,9,51,true,65,241,16283158,16.2832,524288,0.2697
A* (Manhattan),20,9,51,true,65,173,17041602,17.0416,251288,0.3757
A* (Euclidean),20,9,51,true,65,186,20671315,20.6713,251288,0.3495
Q-Learning,20,9,51,true,65,64,123631,0.1236,0,1.0156
Depth-First Search,20,10,52,true,79,163,5655258,5.6553,524288,0.4847
Breadth-First Search,20,10,52,true,79,195,16571091,16.5711,524288,0.4051
A* (Manhattan),20,10,52,true,79,191,17548058,17.5481,249920,0.4136
A* (Euclidean),20,10,52,true,79,191,17853992,17.8540,249920,0.4136
Q-Learning,20,10,52,true,79,78,224080,0.2241,0,1.0128
Depth-First Search,20,11,53,true,83,313,13610191,13.6102,588872,0.2652
Breadth-First Search,20,11,53,true,83,213,19179951,19.1800,524288,0.3897
A* (Manhattan),20,11,53,true,83,198,17494318,17.4943,248992,0.4192
A* (Euclidean),20,11,53,true,83,198,17382193,17.3822,248992,0.4192
Q-Learning,20,11,53,true,83,82,128805,0.1288,0,1.0122
Depth-First Search,20,12,54,true,147,203,8003850,8.0039,524288,0.7241
Breadth-First Search,20,12,54,true,147,391,20235458,20.2355,524288,0.3760
A* (Manhattan),20,12,54,true,147,387,19794770,19.7948,250744,0.3798
A* (Euclidean),20,12,54,true,147,388,21672795,21.6728,250744,0.3789
Q-Learning,20,12,54,false,0,5,46048,0.0460,0,0.0000
Depth-First Search,20,13,55,true,189,314,6794641,6.7946,1048576,0.6019
Breadth-First Search,20,13,55,true,189,399,17283840,17.2838,524288,0.4737
A* (Manhattan),20,13,55,true,189,397,17411903,17.4119,248360,0.4761
A* (Euclidean),20,13,55,true,189,398,17470581,17.4706,248360,0.4749
Q-Learning,20,13,55,false,0,2,43479,0.0435,0,0.0000
Depth-First Search,20,14,56,true,73,82,1730279,1.7303,0,0.8902
Breadth-First Search,20,14,56,true,73,215,16819127,16.8191,524288,0.3395
A* (Manhattan),20,14,56,true,73,174,18056607,18.0566,250080,0.4195
A* (Euclidean),20,14,56,true,73,177,17096761,17.0968,250080,0.4124
Q-Learning,20,14,56,true,73,72,111661,0.1117,0,1.0139
Depth-First Search,20,15,57,true,89,89,2092870,2.0929,524288,1.0000
Breadth-First Search,20,15,57,true,89,268,16407798,16.4078,524288,0.3321
A* (Manhattan),20,15,57,true,89,213,17607184,17.6072,248344,0.4178
A* (Euclidean),20,15,57,true,89,227,16848793,16.8488,248344,0.3921
Q-Learning,20,15,57,true,89,88,130940,0.1309,0,1.0114
Depth-First Search,20,16,58,true,139,243,5346207,5.3462,524288,0.5720
Breadth-First Search,20,16,58,true,139,339,20193006,20.1930,524288,0.4100
A* (Manhattan),20,16,58,true,139,300,17874840,17.8748,249256,0.4633
A* (Euclidean),20,16,58,true,139,308,17822818,17.8228,249256,0.4513
Q-Learning,20,16,58,true,139,138,192061,0.1921,0,1.0072
Depth-First Search,20,17,59,true,87,306,6093002,6.0930,524288,0.2843
Breadth-First Search,20,17,59,true,87,293,16331373,16.3314,524288,0.2969
A* (Manhattan),20,17,59,true,87,240,16022844,16.0228,246944,0.3625
A* (Euclidean),20,17,59,true,87,246,17780381,17.7804,246944,0.3537
Q-Learning,20,17,59,true,87,86,123337,0.1233,0,1.0116
Depth-First Search,20,18,60,true,123,127,2733693,2.7337,524288,0.9685
Breadth-First Search,20,18,60,true,123,277,16573349,16.5733,524288,0.4440
A* (Manhattan),20,18,60,true,123,271,17470315,17.4703,250536,0.4539
A* (Euclidean),20,18,60,true,123,271,18112259,18.1123,250536,0.4539
Q-Learning,20,18,60,true,123,122,156138,0.1561,0,1.0082
Depth-First Search,20,19,61,true,191,233,4629387,4.6294,0,0.8197
Breadth-First Search,20,19,61,true,191,346,18567302,18.5673,524288,0.5520
A* (Manhattan),20,19,61,true,191,337,20013837,20.0138,251184,0.5668
A* (Euclidean),20,19,61,true,191,337,17636160,17.6362,251184,0.5668
Q-Learning,20,19,61,false,0,4,48123,0.0481,0,0.0000
Depth-First Search,20,20,62,true,87,274,5399219,5.3992,524288,0.3175
Breadth-First Search,20,20,62,true,87,230,17139767,17.1398,524288,0.3783
A* (Manhattan),20,20,62,true,87,209,18425374,18.4254,248504,0.4163
A* (Euclidean),20,20,62,true,87,213,21822945,21.8229,248504,0.4085
Q-Learning,20,20,62,true,87,86,191578,0.1916,0,1.0116
Depth-First Search,20,21,63,true,121,167,5858842,5.8588,524288,0.7246
Breadth-First Search,20,21,63,true,121,275,22591903,22.5919,524288,0.4400
A* (Manhattan),20,21,63,true,121,275,22226789,22.2268,249288,0.4400
A* (Euclidean),20,21,63,true,121,275,19184048,19.1840,249288,0.4400
Q-Learning,20,21,63,true,121,120,242809,0.2428,0,1.0083
Depth-First Search,20,22,64,true,191,323,12810775,12.8108,524288,0.5913
Breadth-First Search,20,22,64,true,191,387,25419582,25.4196,524288,0.4935
A* (Manhattan),20,22,64,true,191,387,19984443,19.9844,249112,0.4935
A* (Euclidean),20,22,64,true,191,387,17941672,17.9417,249112,0.4935
Q-Learning,20,22,64,false,0,5,49189,0.0492,0,0.0000
Depth-First Search,20,23,65,true,87,100,2332530,2.3325,524288,0.8700
Breadth-First Search,20,23,65,true,87,136,18086531,18.0865,524288,0.6397
A* (Manhattan),20,23,65,true,87,132,21320028,21.3200,251216,0.6591
A* (Euclidean),20,23,65,true,87,132,20751373,20.7514,251216,0.6591
Q-Learning,20,23,65,true,87,86,146238,0.1462,0,1.0116
Depth-First Search,20,24,66,true,73,151,3457807,3.4578,230192,0.4834
Breadth-First Search,20,24,66,true,73,300,18033156,18.0332,524288,0.2433
A* (Manhattan),20,24,66,true,73,271,19683608,19.6836,249888,0.2694
A* (Euclidean),20,24,66,true,73,285,20002043,20.0020,249888,0.2561
Q-Learning,20,24,66,true,73,72,109921,0.1099,0,1.0139
Depth-First Search,20,25,67,true,73,147,2926660,2.9267,0,0.4966
Breadth-First Search,20,25,67,true,73,208,17225721,17.2257,524288,0.3510
A* (Manhattan),20,25,67,true,73,173,18518200,18.5182,250848,0.4220
A* (Euclidean),20,25,67,true,73,180,21452505,21.4525,250848,0.4056
Q-Learning,20,25,67,true,73,72,115767,0.1158,0,1.0139
Depth-First Search,20,26,68,true,97,140,2962640,2.9626,0,0.6929
Breadth-First Search,20,26,68,true,97,253,19462111,19.4621,529632,0.3834
A* (Manhattan),20,26,68,true,97,203,16864545,16.8645,250984,0.4778
A* (Euclidean),20,26,68,true,97,207,16046839,16.0468,256816,0.4686
Q-Learning,20,26,68,true,97,96,124006,0.1240,0,1.0104
Depth-First Search,20,27,69,true,121,193,3819449,3.8194,524288,0.6269
Breadth-First Search,20,27,69,true,121,235,16368787,16.3688,524288,0.5149
A* (Manhattan),20,27,69,true,121,215,16439859,16.4399,251200,0.5628
A* (Euclidean),20,27,69,true,121,216,17267996,17.2680,251200,0.5602
Q-Learning,20,27,69,true,121,120,156354,0.1564,0,1.0083
Depth-First Search,20,28,70,true,75,150,3205031,3.2050,0,0.5000
Breadth-First Search,20,28,70,true,75,160,19840152,19.8402,524288,0.4688
A* (Manhattan),20,28,70,true,75,139,16085289,16.0853,249720,0.5396
A* (Euclidean),20,28,70,true,75,149,17404614,17.4046,249720,0.5034
Q-Learning,20,28,70,true,75,74,208277,0.2083,0,1.0135
Depth-First Search,20,29,71,true,81,287,8501697,8.5017,524288,0.2822
Breadth-First Search,20,29,71,true,81,308,22772828,22.7728,524288,0.2630
A* (Manhattan),20,29,71,true,81,252,20301758,20.3018,250688,0.3214
A* (Euclidean),20,29,71,true,81,256,23271993,23.2720,250688,0.3164
Q-Learning,20,29,71,true,81,80,136716,0.1367,0,1.0125
Depth-First Search,30,0,42,true,325,374,12474953,12.4750,524288,0.8690
Breadth-First Search,30,0,42,true,325,796,27052766,27.0528,524288,0.4083
A* (Manhattan),30,0,42,true,325,732,20380168,20.3802,502184,0.4440
A* (Euclidean),30,0,42,true,325,733,21759287,21.7593,502192,0.4434
Q-Learning,30,0,42,false,0,7,50448,0.0504,0,0.0000
Depth-First Search,30,1,43,true,215,465,10977333,10.9773,1048576,0.4624
Breadth-First Search,30,1,43,true,215,668,22549299,22.5493,524288,0.3219
A* (Manhattan),30,1,43,true,215,590,18145144,18.1451,502616,0.3644
A* (Euclidean),30,1,43,true,215,610,20175118,20.1751,502616,0.3525
Q-Learning,30,1,43,false,0,6,65694,0.0657,0,0.0000
Depth-First Search,30,2,44,true,333,610,18654051,18.6541,1048576,0.5459
Breadth-First Search,30,2,44,true,333,765,19216011,19.2160,524288,0.4353
A* (Manhattan),30,2,44,true,333,706,16948799,16.9488,502624,0.4717
A* (Euclidean),30,2,44,true,333,711,21091441,21.0914,502624,0.4684
Q-Learning,30,2,44,false,0,5,55518,0.0555,0,0.0000
Depth-First Search,30,3,45,true,187,326,7154986,7.1550,524288,0.5736
Breadth-First Search,30,3,45,true,187,458,19461263,19.4613,524288,0.4083
A* (Manhattan),30,3,45,true,187,397,17115967,17.1160,250600,0.4710
A* (Euclidean),30,3,45,true,187,403,17091064,17.0911,250600,0.4640
Q-Learning,30,3,45,false,0,5,64612,0.0646,0,0.0000
Depth-First Search,30,4,46,true,155,807,27390505,27.3905,1572864,0.1921
Breadth-First Search,30,4,46,true,155,520,24758811,24.7588,524288,0.2981
A* (Manhattan),30,4,46,true,155,483,26711628,26.7116,502584,0.3209
A* (Euclidean),30,4,46,true,155,487,24452682,24.4527,502584,0.3183
Q-Learning,30,4,46,false,0,10,53793,0.0538,0,0.0000
Depth-First Search,30,5,47,true,321,367,7985075,7.9851,524288,0.8747
Breadth-First Search,30,5,47,true,321,695,19894074,19.8941,524288,0.4619
A* (Manhattan),30,5,47,true,321,662,18672058,18.6721,502664,0.4849
A* (Euclidean),30,5,47,true,321,662,17481430,17.4814,502664,0.4849
Q-Learning,30,5,47,false,0,2,75577,0.0756,0,0.0000
Depth-First Search,30,6,48,true,305,848,24013338,24.0133,1572864,0.3597
Breadth-First Search,30,6,48,true,305,579,20300993,20.3010,524288,0.5268
A* (Manhattan),30,6,48,true,305,541,18653765,18.6538,502600,0.5638
A* (Euclidean),30,6,48,true,305,556,18276298,18.2763,502600,0.5486
Q-Learning,30,6,48,false,0,8,53950,0.0540,0,0.0000
Depth-First Search,30,7,49,true,213,242,5543576,5.5436,524288,0.8802
Breadth-First Search,30,7,49,true,213,491,21228968,21.2290,524288,0.4338
A* (Manhattan),30,7,49,true,213,433,22038625,22.0386,503552,0.4919
A* (Euclidean),30,7,49,true,213,440,22961073,22.9611,502584,0.4841
Q-Learning,30,7,49,false,0,10,63963,0.0640,0,0.0000
Depth-First Search,30,8,50,true,251,454,12780612,12.7806,1048576,0.5529
Breadth-First Search,30,8,50,true,251,583,23338867,23.3389,524288,0.4305
A* (Manhattan),30,8,50,true,251,557,18288853,18.2889,498840,0.4506
A* (Euclidean),30,8,50,true,251,566,19553429,19.5534,498840,0.4435
Q-Learning,30,8,50,false,0,3,49391,0.0494,0,0.0000
Depth-First Search,30,9,51,true,409,567,12566967,12.5670,1572864,0.7213
Breadth-First Search,30,9,51,true,409,819,20706178,20.7062,524288,0.4994
A* (Manhattan),30,9,51,true,409,767,19518055,19.5181,501136,0.5332
A* (Euclidean),30,9,51,true,409,776,21073240,21.0732,501136,0.5271
Q-Learning,30,9,51,false,0,3,50986,0.0510,0,0.0000
Depth-First Search,30,10,52,true,173,304,9562949,9.5629,524288,0.5691
Breadth-First Search,30,10,52,true,173,421,18871232,18.8712,524288,0.4109
A* (Manhattan),30,10,52,true,173,390,21064242,21.0642,292920,0.4436
A* (Euclidean),30,10,52,true,173,399,18984910,18.9849,251080,0.4336
Q-Learning,30,10,52,false,0,6,96935,0.0969,0,0.0000
Depth-First Search,30,11,53,true,143,727,22029651,22.0297,1048576,0.1967
Breadth-First Search,30,11,53,true,143,571,21487063,21.4871,524288,0.2504
A* (Manhattan),30,11,53,true,143,440,19244596,19.2446,503032,0.3250
A* (Euclidean),30,11,53,true,143,472,18574861,18.5749,502600,0.3030
Q-Learning,30,11,53,false,0,5,56032,0.0560,0,0.0000
Depth-First Search,30,12,54,true,163,195,3787549,3.7875,524288,0.8359
Breadth-First Search,30,12,54,true,163,572,18559994,18.5600,524288,0.2850
A* (Manhattan),30,12,54,true,163,522,18492808,18.4928,502360,0.3123
A* (Euclidean),30,12,54,true,163,528,19706218,19.7062,502360,0.3087
Q-Learning,30,12,54,false,0,5,62985,0.0630,0,0.0000
Depth-First Search,30,13,55,true,237,780,20158656,20.1587,1572864,0.3038
Breadth-First Search,30,13,55,true,237,526,20046888,20.0469,524288,0.4506
A* (Manhattan),30,13,55,true,237,505,19329652,19.3297,502696,0.4693
A* (Euclidean),30,13,55,true,237,508,19979236,19.9792,502696,0.4665
Q-Learning,30,13,55,false,0,16,68746,0.0687,0,0.0000
Depth-First Search,30,14,56,true,269,354,8604963,8.6050,524288,0.7599
Breadth-First Search,30,14,56,true,269,534,24146223,24.1462,524288,0.5037
A* (Manhattan),30,14,56,true,269,485,22493030,22.4930,504104,0.5546
A* (Euclidean),30,14,56,true,269,496,21296442,21.2964,503296,0.5423
Q-Learning,30,14,56,false,0,5,83291,0.0833,0,0.0000
Depth-First Search,30,15,57,true,173,771,27799850,27.7999,1048576,0.2244
Breadth-First Search,30,15,57,true,173,621,32878423,32.8784,524288,0.2786
A* (Manhattan),30,15,57,true,173,543,31812811,31.8128,502680,0.3186
A* (Euclidean),30,15,57,true,173,558,28343799,28.3438,502680,0.3100
Q-Learning,30,15,57,false,0,2,90260,0.0903,0,0.0000
Depth-First Search,30,16,58,true,207,357,9904169,9.9042,524288,0.5798
Breadth-First Search,30,16,58,true,207,563,25914304,25.9143,524288,0.3677
A* (Manhattan),30,16,58,true,207,563,24407898,24.4079,506216,0.3677
A* (Euclidean),30,16,58,true,207,563,23879436,23.8794,502192,0.3677
Q-Learning,30,16,58,false,0,6,79395,0.0794,0,0.0000
Depth-First Search,30,17,59,true,179,366,11679424,11.6794,524288,0.4891
Breadth-First Search,30,17,59,true,179,634,24130023,24.1300,524288,0.2823
A* (Manhattan),30,17,59,true,179,584,25666380,25.6664,502680,0.3065
A* (Euclidean),30,17,59,true,179,592,26604194,26.6042,502648,0.3024
Q-Learning,30,17,59,false,0,2,61177,0.0612,0,0.0000
Depth-First Search,30,18,60,true,211,211,5563058,5.5631,524288,1.0000
Breadth-First Search,30,18,60,true,211,521,24706396,24.7064,524288,0.4050
A* (Manhattan),30,18,60,true,211,414,25578169,25.5782,251024,0.5097
A* (Euclidean),30,18,60,true,211,422,25593004,25.5930,251024,0.5000
Q-Learning,30,18,60,false,0,14,74285,0.0743,0,0.0000
Depth-First Search,30,19,61,true,383,706,15230931,15.2309,1048576,0.5425
Breadth-First Search,30,19,61,true,383,876,20356775,20.3568,524288,0.4372
A* (Manhattan),30,19,61,true,383,851,19923857,19.9239,496600,0.4501
A* (Euclidean),30,19,61,true,383,854,21624256,21.6243,496600,0.4485
Q-Learning,30,19,61,false,0,2,68229,0.0682,0,0.0000
Depth-First Search,30,20,62,true,293,650,20181738,20.1817,1572864,0.4508
Breadth-First Search,30,20,62,true,293,864,16227255,16.2273,524288,0.3391
A* (Manhattan),30,20,62,true,293,801,19210534,19.2105,586376,0.3658
A* (Euclidean),30,20,62,true,293,813,19203936,19.2039,502616,0.3604
Q-Learning,30,20,62,false,0,9,65335,0.0653,0,0.0000
Depth-First Search,30,21,63,true,251,386,9464159,9.4642,529632,0.6503
Breadth-First Search,30,21,63,true,251,870,17156854,17.1569,530248,0.2885
A* (Manhattan),30,21,63,true,251,833,21519805,21.5198,610880,0.3013
A* (Euclidean),30,21,63,true,251,855,24622849,24.6228,511168,0.2936
Q-Learning,30,21,63,false,0,3,54464,0.0545,0,0.0000
Depth-First Search,30,22,64,true,163,774,18537774,18.5378,1572864,0.2106
Breadth-First Search,30,22,64,true,163,612,21882722,21.8827,524288,0.2663
A* (Manhattan),30,22,64,true,163,567,18135853,18.1359,501240,0.2875
A* (Euclidean),30,22,64,true,163,569,18776231,18.7762,501248,0.2865
Q-Learning,30,22,64,false,0,11,56963,0.0570,0,0.0000
Depth-First Search,30,23,65,true,145,439,9659041,9.6590,524288,0.3303
Breadth-First Search,30,23,65,true,145,516,17297623,17.2976,524288,0.2810
A* (Manhattan),30,23,65,true,145,410,17183168,17.1832,251168,0.3537
A* (Euclidean),30,23,65,true,145,445,17650940,17.6509,251168,0.3258
Q-Learning,30,23,65,false,0,3,77022,0.0770,0,0.0000
Depth-First Search,30,24,66,true,213,473,13800014,13.8000,1056224,0.4503
Breadth-First Search,30,24,66,true,213,508,20966948,20.9669,526952,0.4193
A* (Manhattan),30,24,66,true,213,475,18105343,18.1053,254744,0.4484
A* (Euclidean),30,24,66,true,213,484,18697233,18.6972,501464,0.4401
Q-Learning,30,24,66,false,0,16,64991,0.0650,0,0.0000
Depth-First Search,30,25,67,true,103,224,4548749,4.5487,524288,0.4598
Breadth-First Search,30,25,67,true,103,366,18286685,18.2867,524288,0.2814
A* (Manhattan),30,25,67,true,103,321,17547890,17.5479,251288,0.3209
A* (Euclidean),30,25,67,true,103,329,17585180,17.5852,251288,0.3131
Q-Learning,30,25,67,true,103,102,191470,0.1915,0,1.0098
Depth-First Search,30,26,68,true,281,600,13237096,13.2371,1044792,0.4683
Breadth-First Search,30,26,68,true,281,734,23334971,23.3350,524288,0.3828
A* (Manhattan),30,26,68,true,281,729,28997652,28.9977,498360,0.3855
A* (Euclidean),30,26,68,true,281,729,21697684,21.6977,498360,0.3855
Q-Learning,30,26,68,false,0,4,56844,0.0568,0,0.0000
Depth-First Search,30,27,69,true,183,374,7520685,7.5207,524288,0.4893
Breadth-First Search,30,27,69,true,183,524,21053167,21.0532,524288,0.3492
A* (Manhattan),30,27,69,true,183,463,22845494,22.8455,251320,0.3952
A* (Euclidean),30,27,69,true,183,472,24276831,24.2768,251320,0.3877
Q-Learning,30,27,69,false,0,12,63953,0.0640,0,0.0000
Depth-First Search,30,28,70,true,175,215,4045129,4.0451,524288,0.8140
Breadth-First Search,30,28,70,true,175,417,18573705,18.5737,524288,0.4197
A* (Manhattan),30,28,70,true,175,377,19172914,19.1729,251352,0.4642
A* (Euclidean),30,28,70,true,175,377,23032495,23.0325,251352,0.4642
Q-Learning,30,28,70,false,0,9,61233,0.0612,0,0.0000
Depth-First Search,30,29,71,true,157,648,12573164,12.5732,1048576,0.2423
Breadth-First Search,30,29,71,true,157,465,21943227,21.9432,526952,0.3376
A* (Manhattan),30,29,71,true,157,333,25499217,25.4992,252368,0.4715
A* (Euclidean),30,29,71,true,157,345,25026156,25.0262,266840,0.4551
Q-Learning,30,29,71,false,0,3,50147,0.0501,0,0.0000
Depth-First Search,50,0,42,true,599,1090,22174817,22.1748,2097152,0.5495
Breadth-First Search,50,0,42,true,599,1969,22795623,22.7956,1048576,0.3042
A* (Manhattan),50,0,42,true,599,1867,21853291,21.8533,1005344,0.3208
A* (Euclidean),50,0,42,true,599,1876,22611453,22.6115,1005360,0.3193
Q-Learning,50,0,42,false,0,6,52577,0.0526,0,0.0000
Depth-First Search,50,1,43,true,1091,1299,29114273,29.1143,2621440,0.8399
Breadth-First Search,50,1,43,true,1091,2301,23296760,23.2968,1081680,0.4741
A* (Manhattan),50,1,43,true,1091,2294,33112186,33.1122,1425584,0.4756
A* (Euclidean),50,1,43,true,1091,2294,35809203,35.8092,1299944,0.4756
Q-Learning,50,1,43,false,0,2,63240,0.0632,0,0.0000
Depth-First Search,50,2,44,true,435,1279,33031225,33.0312,2621440,0.3401
Breadth-First Search,50,2,44,true,435,1639,19604427,19.6044,1048576,0.2654
A* (Manhattan),50,2,44,true,435,1572,25727391,25.7274,876992,0.2767
A* (Euclidean),50,2,44,true,435,1587,29461172,29.4612,1002288,0.2741
Q-Learning,50,2,44,false,0,3,89691,0.0897,0,0.0000
Depth-First Search,50,3,45,true,781,1447,43900241,43.9002,3145728,0.5397
Breadth-First Search,50,3,45,true,781,1691,20395972,20.3960,1048576,0.4619
A* (Manhattan),50,3,45,true,781,1656,23278643,23.2786,1010672,0.4716
A* (Euclidean),50,3,45,true,781,1658,23991320,23.9913,1003272,0.4710
Q-Learning,50,3,45,false,0,7,87785,0.0878,0,0.0000
Depth-First Search,50,4,46,true,721,1840,33201079,33.2011,3145728,0.3918
Breadth-First Search,50,4,46,true,721,2420,18712993,18.7130,1072560,0.2979
A* (Manhattan),50,4,46,true,721,2320,20562019,20.5620,1360336,0.3108
A* (Euclidean),50,4,46,true,721,2331,21467927,21.4679,1297272,0.3093
Q-Learning,50,4,46,false,0,2,50337,0.0503,0,0.0000
Depth-First Search,50,5,47,true,881,1281,36709356,36.7094,2621440,0.6877
Breadth-First Search,50,5,47,true,881,2388,16936339,16.9363,1048576,0.3689
A* (Manhattan),50,5,47,true,881,2270,24482396,24.4824,1340080,0.3881
A* (Euclidean),50,5,47,true,881,2284,19542361,19.5424,1298448,0.3857
Q-Learning,50,5,47,false,0,2,45362,0.0454,0,0.0000
Depth-First Search,50,6,48,true,415,428,8170907,8.1709,524288,0.9696
Breadth-First Search,50,6,48,true,415,1447,17713102,17.7131,524288,0.2868
A* (Manhattan),50,6,48,true,415,1275,20820294,20.8203,1011592,0.3255
A* (Euclidean),50,6,48,true,415,1314,20389696,20.3897,753176,0.3158
Q-Learning,50,6,48,false,0,42,124880,0.1249,0,0.0000
Depth-First Search,50,7,49,true,415,1902,33668237,33.6682,3670016,0.2182
Breadth-First Search,50,7,49,true,415,1488,16181565,16.1816,524288,0.2789
A* (Manhattan),50,7,49,true,415,1351,18937940,18.9379,1000088,0.3072
A* (Euclidean),50,7,49,true,415,1388,23432010,23.4320,1000112,0.2990
Q-Learning,50,7,49,false,0,8,56864,0.0569,0,0.0000
Depth-First Search,50,8,50,true,591,1325,23799759,23.7998,2621440,0.4460
Breadth-First Search,50,8,50,true,591,1776,17628622,17.6286,1048576,0.3328
A* (Manhattan),50,8,50,true,591,1742,19471057,19.4711,1048576,0.3393
A* (Euclidean),50,8,50,true,591,1742,19901568,19.9016,1048576,0.3393
Q-Learning,50,8,50,false,0,3,52162,0.0522,0,0.0000
Depth-First Search,50,9,51,true,505,2272,44548407,44.5484,4194304,0.2223
Breadth-First Search,50,9,51,true,505,1941,21673662,21.6737,1048576,0.2602
A* (Manhattan),50,9,51,true,505,1941,27147264,27.1473,1002904,0.2602
A* (Euclidean),50,9,51,true,505,1941,29242492,29.2425,1048576,0.2602
Q-Learning,50,9,51,false,0,7,82150,0.0822,0,0.0000
Depth-First Search,50,10,52,true,325,1058,32160837,32.1608,2097152,0.3072
Breadth-First Search,50,10,52,true,325,1699,19746868,19.7469,1048576,0.1913
A* (Manhattan),50,10,52,true,325,1587,21640821,21.6408,1003704,0.2048
A* (Euclidean),50,10,52,true,325,1651,21886502,21.8865,1020072,0.1969
Q-Learning,50,10,52,false,0,9,72674,0.0727,0,0.0000
Depth-First Search,50,11,53,true,621,695,20080731,20.0807,1021688,0.8935
Breadth-First Search,50,11,53,true,621,1540,21002562,21.0026,1048576,0.4032
A* (Manhattan),50,11,53,true,621,1505,19610530,19.6105,1000664,0.4126
A* (Euclidean),50,11,53,true,621,1506,18400677,18.4007,750512,0.4124
Q-Learning,50,11,53,false,0,4,53500,0.0535,0,0.0000
Depth-First Search,50,12,54,true,701,1412,24240702,24.2407,2621440,0.4965
Breadth-First Search,50,12,54,true,701,2412,17153790,17.1538,1048576,0.2906
A* (Manhattan),50,12,54,true,701,2364,20246322,20.2463,1383696,0.2965
A* (Euclidean),50,12,54,true,701,2378,23891050,23.8911,1299920,0.2948
Q-Learning,50,12,54,false,0,13,79256,0.0793,0,0.0000
Depth-First Search,50,13,55,true,415,1669,34284564,34.2846,3145728,0.2487
Breadth-First Search,50,13,55,true,415,1036,19300387,19.3004,524288,0.4006
A* (Manhattan),50,13,55,true,415,1029,21973538,21.9735,583336,0.4033
A* (Euclidean),50,13,55,true,415,1029,20414259,20.4143,750016,0.4033
Q-Learning,50,13,55,false,0,2,54322,0.0543,0,0.0000
Depth-First Search,50,14,56,true,651,900,15670958,15.6710,2097152,0.7233
Breadth-First Search,50,14,56,true,651,2124,18727343,18.7273,1048576,0.3065
A* (Manhattan),50,14,56,true,651,2063,19068811,19.0688,1344400,0.3156
A* (Euclidean),50,14,56,true,651,2069,23527006,23.5270,1302696,0.3146
Q-Learning,50,14,56,false,0,3,54701,0.0547,0,0.0000
Depth-First Search,50,15,57,true,391,459,9278441,9.2784,1048576,0.8519
Breadth-First Search,50,15,57,true,391,1449,16766086,16.7661,524288,0.2698
A* (Manhattan),50,15,57,true,391,1336,19165058,19.1651,670136,0.2927
A* (Euclidean),50,15,57,true,391,1363,22426311,22.4263,753952,0.2869
Q-Learning,50,15,57,false,0,2,47403,0.0474,0,0.0000
Depth-First Search,50,16,58,true,551,1979,44276000,44.2760,3670016,0.2784
Breadth-First Search,50,16,58,true,551,2146,22606570,22.6066,1048576,0.2568
A* (Manhattan),50,16,58,true,551,2099,29125155,29.1252,1342752,0.2625
A* (Euclidean),50,16,58,true,551,2103,25960583,25.9606,1299904,0.2620
Q-Learning,50,16,58,false,0,2,57605,0.0576,0,0.0000
Depth-First Search,50,17,59,true,421,920,17201643,17.2016,1572864,0.4576
Breadth-First Search,50,17,59,true,421,1534,17889923,17.8899,1048576,0.2744
A* (Manhattan),50,17,59,true,421,1415,17738425,17.7384,1004592,0.2975
A* (Euclidean),50,17,59,true,421,1424,18243038,18.2430,753488,0.2956
Q-Learning,50,17,59,false,0,2,58673,0.0587,0,0.0000
Depth-First Search,50,18,60,true,521,1675,32751955,32.7520,3145728,0.3110
Breadth-First Search,50,18,60,true,521,1987,15882564,15.8826,1048576,0.2622
A* (Manhattan),50,18,60,true,521,1846,23034969,23.0350,1005424,0.2822
A* (Euclidean),50,18,60,true,521,1891,25675240,25.6752,1021792,0.2755
Q-Learning,50,18,60,false,0,2,68716,0.0687,0,0.0000
Depth-First Search,50,19,61,true,1219,1799,39802299,39.8023,3145728,0.6776
Breadth-First Search,50,19,61,true,1219,2362,19675181,19.6752,1048576,0.5161
A* (Manhattan),50,19,61,true,1219,2284,19375625,19.3756,1340816,0.5337
A* (Euclidean),50,19,61,true,1219,2284,19631351,19.6314,1299080,0.5337
Q-Learning,50,19,61,false,0,10,80959,0.0810,0,0.0000
Depth-First Search,50,20,62,true,425,1022,22428074,22.4281,2097152,0.4159
Breadth-First Search,50,20,62,true,425,1831,15607755,15.6078,1048576,0.2321
A* (Manhattan),50,20,62,true,425,1791,23083542,23.0835,1005312,0.2373
A* (Euclidean),50,20,62,true,425,1795,22797647,22.7976,1021744,0.2368
Q-Learning,50,20,62,false,0,2,77561,0.0776,0,0.0000
Depth-First Search,50,21,63,true,507,718,20810241,20.8102,1572864,0.7061
Breadth-First Search,50,21,63,true,507,1657,20743884,20.7439,1048576,0.3060
A* (Manhattan),50,21,63,true,507,1583,21604397,21.6044,1001360,0.3203
A* (Euclidean),50,21,63,true,507,1615,26161464,26.1615,1048576,0.3139
Q-Learning,50,21,63,false,0,3,54306,0.0543,0,0.0000
Depth-First Search,50,22,64,true,837,1501,27741338,27.7413,3145728,0.5576
Breadth-First Search,50,22,64,true,837,2239,21975823,21.9758,1048576,0.3738
A* (Manhattan),50,22,64,true,837,2169,23216752,23.2168,1340696,0.3859
A* (Euclidean),50,22,64,true,837,2178,25849815,25.8498,1298968,0.3843
Q-Learning,50,22,64,false,0,3,99731,0.0997,0,0.0000
Depth-First Search,50,23,65,true,699,1954,38333475,38.3335,3670016,0.3577
Breadth-First Search,50,23,65,true,699,1522,16750477,16.7505,1048576,0.4593
A* (Manhattan),50,23,65,true,699,1491,21066419,21.0664,877120,0.4688
A* (Euclidean),50,23,65,true,699,1492,21645490,21.6455,751848,0.4685
Q-Learning,50,23,65,false,0,26,78710,0.0787,0,0.0000
Depth-First Search,50,24,66,true,627,667,11852268,11.8523,1048576,0.9400
Breadth-First Search,50,24,66,true,627,2174,15678797,15.6788,1048576,0.2884
A* (Manhattan),50,24,66,true,627,2112,19469672,19.4697,1383680,0.2969
A* (Euclidean),50,24,66,true,627,2122,22870892,22.8709,1299912,0.2955
Q-Learning,50,24,66,false,0,3,77916,0.0779,0,0.0000
Depth-First Search,50,25,67,true,767,1619,47856040,47.8560,3178528,0.4737
Breadth-First Search,50,25,67,true,767,2066,23466362,23.4664,1048576,0.3712
A* (Manhattan),50,25,67,true,767,2060,30404356,30.4044,1381656,0.3723
A* (Euclidean),50,25,67,true,767,2060,26009525,26.0095,1298392,0.3723
Q-Learning,50,25,67,false,0,4,58386,0.0584,0,0.0000
Depth-First Search,50,26,68,true,651,1121,19377283,19.3773,2097152,0.5807
Breadth-First Search,50,26,68,true,651,2083,16750955,16.7510,1048576,0.3125
A* (Manhattan),50,26,68,true,651,1980,18303047,18.3030,1048576,0.3288
A* (Euclidean),50,26,68,true,651,2013,19661563,19.6616,1048576,0.3234
Q-Learning,50,26,68,false,0,2,56824,0.0568,0,0.0000
Depth-First Search,50,27,69,true,395,611,11065267,11.0653,1048576,0.6465
Breadth-First Search,50,27,69,true,395,1233,16543322,16.5433,524288,0.3204
A* (Manhattan),50,27,69,true,395,1101,20749474,20.7495,668664,0.3588
A* (Euclidean),50,27,69,true,395,1118,22167942,22.1679,752280,0.3533
Q-Learning,50,27,69,false,0,2,55364,0.0554,0,0.0000
Depth-First Search,50,28,70,true,939,1284,22785152,22.7852,2097152,0.7313
Breadth-First Search,50,28,70,true,939,2448,16710875,16.7109,1048576,0.3836
A* (Manhattan),50,28,70,true,939,2446,20109523,20.1095,1340368,0.3839
A* (Euclidean),50,28,70,true,939,2446,19793618,19.7936,1298656,0.3839
Q-Learning,50,28,70,false,0,5,73892,0.0739,0,0.0000
Depth-First Search,50,29,71,true,791,1648,29837501,29.8375,3145728,0.4800
Breadth-First Search,50,29,71,true,791,2122,15773780,15.7738,1048576,0.3728
A* (Manhattan),50,29,71,true,791,2102,21977643,21.9776,1341672,0.3763
A* (Euclidean),50,29,71,true,791,2103,19162820,19.1628,1300456,0.3761
Q-Learning,50,29,71,false,0,2,79850,0.0799,0,0.0000
Depth-First Search,100,0,42,true,2121,5259,99896776,99.8968,9961472,0.4033
Breadth-First Search,100,0,42,true,2121,7675,23178885,23.1789,3145728,0.2764
A* (Manhattan),100,0,42,true,2121,7583,30817707,30.8177,3918936,0.2797
A* (Euclidean),100,0,42,true,2121,7596,34990377,34.9904,4002752,0.2792
Q-Learning,100,0,42,false,0,4,54614,0.0546,0,0.0000
Depth-First Search,100,1,43,true,2201,4226,100932484,100.9325,0,0.5208
Breadth-First Search,100,1,43,true,2201,6199,25874157,25.8742,2621440,0.3551
A* (Manhattan),100,1,43,true,2201,5982,33445087,33.4451,3145728,0.3679
A* (Euclidean),100,1,43,true,2201,6054,35346186,35.3462,3102568,0.3636
Q-Learning,100,1,43,false,0,4,59035,0.0590,0,0.0000
Depth-First Search,100,2,44,true,2021,6285,120694703,120.6947,11534336,0.3216
Breadth-First Search,100,2,44,true,2021,8791,23405719,23.4057,3145728,0.2299
A* (Manhattan),100,2,44,true,2021,8644,40661445,40.6614,4571336,0.2338
A* (Euclidean),100,2,44,true,2021,8663,31387525,31.3875,4487552,0.2333
Q-Learning,100,2,44,false,0,6,59601,0.0596,0,0.0000
Depth-First Search,100,3,45,true,2573,3235,60664277,60.6643,6291456,0.7954
Breadth-First Search,100,3,45,true,2573,7985,29747356,29.7474,3145728,0.3222
A* (Manhattan),100,3,45,true,2573,7506,30801040,30.8010,3899800,0.3428
A* (Euclidean),100,3,45,true,2573,7621,37943457,37.9435,4002856,0.3376
Q-Learning,100,3,45,false,0,2,67818,0.0678,0,0.0000
Depth-First Search,100,4,46,true,2283,4434,98245448,98.2454,7864320,0.5149
Breadth-First Search,100,4,46,true,2283,7948,28660692,28.6607,3145728,0.2872
A* (Manhattan),100,4,46,true,2283,7860,34564470,34.5645,4194304,0.2905
A* (Euclidean),100,4,46,true,2283,7866,30442446,30.4424,4068432,0.2902
Q-Learning,100,4,46,false,0,10,65522,0.0655,0,0.0000
Depth-First Search,100,5,47,true,2409,7938,169900048,169.9000,14680064,0.3035
Breadth-First Search,100,5,47,true,2409,5854,22816325,22.8163,2097152,0.4115
A* (Manhattan),100,5,47,true,2409,5750,34092861,34.0929,3145728,0.4190
A* (Euclidean),100,5,47,true,2409,5763,28436651,28.4367,3111168,0.4180
Q-Learning,100,5,47,false,0,17,77352,0.0774,0,0.0000
Depth-First Search,100,6,48,true,2481,8887,158660555,158.6606,16252928,0.2792
Breadth-First Search,100,6,48,true,2481,7077,24352991,24.3530,2621440,0.3506
A* (Manhattan),100,6,48,true,2481,7049,54574145,54.5741,3832808,0.3520
A* (Euclidean),100,6,48,true,2481,7052,38525231,38.5252,3749376,0.3518
Q-Learning,100,6,48,false,0,3,68171,0.0682,0,0.0000
Depth-First Search,100,7,49,true,2315,8462,148971052,148.9711,15728640,0.2736
Breadth-First Search,100,7,49,true,2315,7866,26536673,26.5367,3145728,0.2943
A* (Manhattan),100,7,49,true,2315,7736,43318365,43.3184,4194304,0.2993
A* (Euclidean),100,7,49,true,2315,7778,47920465,47.9205,4001368,0.2976
Q-Learning,100,7,49,false,0,2,70940,0.0709,0,0.0000
Depth-First Search,100,8,50,true,1179,6410,126987087,126.9871,12058624,0.1839
Breadth-First Search,100,8,50,true,1179,6626,23561568,23.5616,2621440,0.1779
A* (Manhattan),100,8,50,true,1179,6376,34835168,34.8352,3522752,0.1849
A* (Euclidean),100,8,50,true,1179,6426,35878453,35.8785,3500144,0.1835
Q-Learning,100,8,50,false,0,4,130586,0.1306,0,0.0000
Depth-First Search,100,9,51,true,857,2650,64623160,64.6232,4718592,0.3234
Breadth-First Search,100,9,51,true,857,5097,21632162,21.6322,2100848,0.1681
A* (Manhattan),100,9,51,true,857,4766,27560197,27.5602,2473504,0.1798
A* (Euclidean),100,9,51,true,857,4852,25591400,25.5914,2684800,0.1766
Q-Learning,100,9,51,false,0,11,57058,0.0571,0,0.0000
Depth-First Search,100,10,52,true,1641,4339,75980741,75.9807,7864320,0.3782
Breadth-First Search,100,10,52,true,1641,6501,24910136,24.9101,2621440,0.2524
A* (Manhattan),100,10,52,true,1641,6317,27247311,27.2473,3583336,0.2598
A* (Euclidean),100,10,52,true,1641,6351,28928053,28.9281,3499696,0.2584
Q-Learning,100,10,52,false,0,2,22893,0.0229,0,0.0000
Depth-First Search,100,11,53,true,1749,2903,76691522,76.6915,5767168,0.6025
Breadth-First Search,100,11,53,true,1749,5957,22092768,22.0928,2097152,0.2936
A* (Manhattan),100,11,53,true,1749,5910,27754882,27.7549,3102640,0.2959
A* (Euclidean),100,11,53,true,1749,5910,29044906,29.0449,3102656,0.2959
Q-Learning,100,11,53,false,0,6,18603,0.0186,0,0.0000
Depth-First Search,100,12,54,true,1937,7770,136385768,136.3858,14680064,0.2493
Breadth-First Search,100,12,54,true,1937,9530,27199887,27.1999,3670016,0.2033
A* (Manhattan),100,12,54,true,1937,9483,32031991,32.0320,4864480,0.2043
A* (Euclidean),100,12,54,true,1937,9483,58412700,58.4127,4951536,0.2043
Q-Learning,100,12,54,false,0,2,17848,0.0178,0,0.0000
Depth-First Search,100,13,55,true,2351,3929,70755247,70.7552,7340032,0.5984
Breadth-First Search,100,13,55,true,2351,5499,21081205,21.0812,2097152,0.4275
A* (Manhattan),100,13,55,true,2351,5425,27880226,27.8802,2976768,0.4334
A* (Euclidean),100,13,55,true,2351,5431,25149584,25.1496,2976752,0.4329
Q-Learning,100,13,55,false,0,2,19097,0.0191,0,0.0000
Depth-First Search,100,14,56,true,2295,5503,102809200,102.8092,10485760,0.4170
Breadth-First Search,100,14,56,true,2295,6533,25856644,25.8566,2621440,0.3513
A* (Manhattan),100,14,56,true,2295,6533,29568158,29.5682,3583416,0.3513
A* (Euclidean),100,14,56,true,2295,6533,32815391,32.8154,3499752,0.3513
Q-Learning,100,14,56,false,0,4,19158,0.0192,0,0.0000
Depth-First Search,100,15,57,true,1821,2807,49564025,49.5640,5242880,0.6487
Breadth-First Search,100,15,57,true,1821,7138,24225016,24.2250,2621440,0.2551
A* (Manhattan),100,15,57,true,1821,7127,28986578,28.9866,3896360,0.2555
A* (Euclidean),100,15,57,true,1821,7127,30148609,30.1486,3749208,0.2555
Q-Learning,100,15,57,false,0,12,23667,0.0237,0,0.0000
Depth-First Search,100,16,58,true,2183,6780,161581956,161.5820,12582912,0.3220
Breadth-First Search,100,16,58,true,2183,7992,30655960,30.6560,3145728,0.2731
A* (Manhattan),100,16,58,true,2183,7935,33654616,33.6546,4194304,0.2751
A* (Euclidean),100,16,58,true,2183,7942,32519637,32.5196,4194304,0.2749
Q-Learning,100,16,58,false,0,17,24093,0.0241,0,0.0000
Depth-First Search,100,17,59,true,1103,7508,132134623,132.1346,13631488,0.1469
Breadth-First Search,100,17,59,true,1103,7018,23266809,23.2668,2621440,0.1572
A* (Manhattan),100,17,59,true,1103,6619,28622990,28.6230,3609920,0.1666
A* (Euclidean),100,17,59,true,1103,6773,29535770,29.5358,3499688,0.1629
Q-Learning,100,17,59,false,0,3,18034,0.0180,0,0.0000
Depth-First Search,100,18,60,true,921,8127,140335957,140.3360,15204352,0.1133
Breadth-First Search,100,18,60,true,921,6006,24436547,24.4365,2097152,0.1533
A* (Manhattan),100,18,60,true,921,5478,33201767,33.2018,2766240,0.1681
A* (Euclidean),100,18,60,true,921,5632,30641452,30.6415,2975368,0.1635
Q-Learning,100,18,60,false,0,3,17028,0.0170,0,0.0000
Depth-First Search,100,19,61,true,2957,3441,60778761,60.7788,6815744,0.8593
Breadth-First Search,100,19,61,true,2957,6322,20545444,20.5454,2621440,0.4677
A* (Manhattan),100,19,61,true,2957,5850,31593673,31.5937,2973616,0.5055
A* (Euclidean),100,19,61,true,2957,5989,26987203,26.9872,3098840,0.4937
Q-Learning,100,19,61,false,0,2,16851,0.0169,0,0.0000
Depth-First Search,100,20,62,true,2159,3352,63593295,63.5933,6291456,0.6441
Breadth-First Search,100,20,62,true,2159,8720,44623379,44.6234,3145728,0.2476
A* (Manhattan),100,20,62,true,2159,8700,37943562,37.9436,4571320,0.2482
A* (Euclidean),100,20,62,true,2159,8702,31757172,31.7572,4445648,0.2481
Q-Learning,100,20,62,false,0,31,57063,0.0571,0,0.0000
Depth-First Search,100,21,63,true,2477,3540,86044760,86.0448,6291456,0.6997
Breadth-First Search,100,21,63,true,2477,9789,35842635,35.8426,3670016,0.2530
A* (Manhattan),100,21,63,true,2477,9532,46840545,46.8405,4948384,0.2599
A* (Euclidean),100,21,63,true,2477,9535,47167909,47.1679,4948544,0.2598
Q-Learning,100,21,63,false,0,9,28859,0.0289,0,0.0000
Depth-First Search,100,22,64,true,2045,6779,146789301,146.7893,12582912,0.3017
Breadth-First Search,100,22,64,true,2045,9153,28843507,28.8435,3670016,0.2234
A* (Manhattan),100,22,64,true,2045,8946,38818947,38.8189,4529464,0.2286
A* (Euclidean),100,22,64,true,2045,8962,36327670,36.3277,4704488,0.2282
Q-Learning,100,22,64,false,0,3,36502,0.0365,0,0.0000
Depth-First Search,100,23,65,true,1871,7984,275084343,275.0843,15204352,0.2343
Breadth-First Search,100,23,65,true,1871,6904,56307989,56.3080,2621440,0.2710
A* (Manhattan),100,23,65,true,1871,6862,54197100,54.1971,3583464,0.2727
A* (Euclidean),100,23,65,true,1871,6863,50241856,50.2419,3750832,0.2726
Q-Learning,100,23,65,false,0,2,17647,0.0176,0,0.0000
Depth-First Search,100,24,66,true,1549,3457,59791011,59.7910,6291456,0.4481
Breadth-First Search,100,24,66,true,1549,4385,20871460,20.8715,1638432,0.3532
A* (Manhattan),100,24,66,true,1549,4252,24048869,24.0489,2431504,0.3643
A* (Euclidean),100,24,66,true,1549,4268,29422558,29.4226,2347952,0.3629
Q-Learning,100,24,66,false,0,4,17057,0.0171,0,0.0000
Depth-First Search,100,25,67,true,1625,7647,133529215,133.5292,14155776,0.2125
Breadth-First Search,100,25,67,true,1625,9217,26280275,26.2803,3670016,0.1763
A* (Manhattan),100,25,67,true,1625,8977,32798372,32.7984,4487568,0.1810
A* (Euclidean),100,25,67,true,1625,9069,50470567,50.4706,4697040,0.1792
Q-Learning,100,25,67,false,0,3,16496,0.0165,0,0.0000
Depth-First Search,100,26,68,true,2013,2842,49510465,49.5105,5242880,0.7083
Breadth-First Search,100,26,68,true,2013,8264,22989486,22.9895,3145728,0.2436
A* (Manhattan),100,26,68,true,2013,8264,30125205,30.1252,4194304,0.2436
A* (Euclidean),100,26,68,true,2013,8264,29232737,29.2327,4194304,0.2436
Q-Learning,100,26,68,false,0,16,24682,0.0247,0,0.0000
Depth-First Search,100,27,69,true,1593,5419,92721122,92.7211,9961472,0.2940
Breadth-First Search,100,27,69,true,1593,6399,20873621,20.8736,2621440,0.2489
A* (Manhattan),100,27,69,true,1593,6399,26937018,26.9370,3520776,0.2489
A* (Euclidean),100,27,69,true,1593,6399,28876052,28.8761,3498808,0.2489
Q-Learning,100,27,69,false,0,3,22075,0.0221,0,0.0000
Depth-First Search,100,28,70,true,2163,5136,97473312,97.4733,9437184,0.4211
Breadth-First Search,100,28,70,true,2163,5902,20682710,20.6827,2097152,0.3665
A* (Manhattan),100,28,70,true,2163,5882,26109688,26.1097,3145728,0.3677
A* (Euclidean),100,28,70,true,2163,5888,27197068,27.1971,3102152,0.3674
Q-Learning,100,28,70,false,0,2,17146,0.0171,0,0.0000
Depth-First Search,100,29,71,true,2349,6247,110732257,110.7323,12058624,0.3760
Breadth-First Search,100,29,71,true,2349,9620,25982986,25.9830,3670016,0.2442
A* (Manhattan),100,29,71,true,2349,9599,32967134,32.9671,5001600,0.2447
A* (Euclidean),100,29,71,true,2349,9603,32517853,32.5179,4945408,0.2446
Q-Learning,100,29,71,false,0,19,28327,0.0283,0,0.0000
